Purpose (目的),Goal (数値目標),Strategy (戦略),Tactics (戦術)
Web事業部の売上向上,年間売上を前年比で20%増加,新市場への展開,市場分析とターゲット選定
,,,ローカライズ戦略の策定
,,,パートナーシップの構築
,オンラインコンバージョン率を15%向上,ユーザー体験の改善,サイトのUI/UX再設計
,,,カスタマージャーニーの分析
,,チェックアウトプロセスの最適化,ワンクリック購入機能の導入
,,,支払い方法の多様化
,,マーケティングとリターゲティングの強化,パーソナライズ広告の実施
,新規顧客の獲得数を月間で30%増,,顧客行動に基づいたメールキャンペーン
,,ターゲット広告の展開,ソーシャルメディア分析
,ウェブサイトのリピーター率を10%改善,,キャンペーン向けコンテンツの作成
,,顧客ロイヤルティの構築,ロイヤルティプログラムの実施
,主要製品のオンライン売上割合を50%にする,,定期的な顧客フィードバックの収集
,,オンラインチャンネルの最適化,オンライン限定商品の展開
,,,オンラインでのプロモーション活動の強化